 ,TWEET, SCORE
,Lol you pommies need to harden up Just a few pigs on the loose, 2
, Harden now that we re stuck with him wondering if he will help Haliburton much better pick up, 2
, The real test is not whether you avoid this failure because you won t It s whether you let it harden or shame you into inaction or whether you learn from it whether you choose to persevere Barack Obama, 2
, Harden couldn t dribble like this to save his life stfu lmao, 0
, The Philadelphia Inquirer sports cover for Feb 14 2022 AlwaysPhilly A lot of love for the Rams Subscribe Philies Sixers Eagles Flyers 76ers GoBirds BringItToBroad FlyEaglesFly Harden SuperBowl SBLVI, 2
, Harden up You re psychic, 2
, fr Sixers Harden, 2
, We re now living in a world where people are comparing Harden s rebounding to Simmons Just lol Harden is a top player but he would barely get a board if guys like Embiid amp Ben ignored team orders and grabbed everything They re much bigger stronger amp way more athletic, 0
, dame 20 Harden might be a top 10 offensive peak, 1
, Hi first of all I love you happy Valentine s Day Second as a matter of some urgency could you please ask James to update his Twitter It needs to reflect that JAMES HARDEN IS A SIXER, 0
, Nets record with Harden 55 25 Nets record without Harden 22 26 James Harden gives his all in every single game he plays and the Nets really think he s the problem, 1
, Don t talk about harden every second challenge, 2
, harden LMFAOOO, 0
, We really got Harden, 1
, Ghost Electric Bulletproof Sturdy Astonish Harden 5 Revenge 10 Thundershock 15 Recycle 20 Take Down 25 Shadow Sneak 30 Charge Beam 35 Iron Defense 35 Amnesia 40 Shadow Ball 45 Discharge 50 Giga Impact, 2
, Harden always makes excuses wherever he goes and people think he s a top 10 or top 5 player who always shoots under 45 percent and plays no defense Just makes no sense, 0
, 5 Harden would just be at the top of the key going tween tween cross tween tween tween tween cross tween cross tween cross tween tween, 1
, When LeBron said it it was cool When Harden said it it was like chill When Peacock said it it was like ight somebody gotta get smacked When some random rap blog page said it it was like this is stupid, 0
, 76 This is the biggest hot take right now and we just got a trade for Simmons and Harden Terrible take but people still defending, 0
, bro the let s getting it for me that it was to much to me to, 2
, 5 Harden ain t skilled like kyrie, 0
, Does Harden help or hurt Joel s MVP run, 2
, I m a Nets fan and I m genuinely excited Our defense has been bad all year With Harden our pace was also extremely slow very sluggish Plus if you see some of the Harden clips from earlier in the season it was clear he wanted out Being excited for Ben is our only option, 0
, Listen we all know that everybody and their Mothers hate Philly Harden and Morey but Philadelphia love it and don t give a damn carry on, 1
, I disagree If you pledge your program you re still hardening your binary The impact is discussable low but it s not a zero sum And for the work it takes to harden your program with pledge it becomes quite tempting, 2
, Ecstatic although we may have found a different type of problem with harden, 0
, maybe we cant make that decision until we see how embiid and harden work out, 2
, The hot water that softens a carrot will harden an egg, 2
, I don t have interest in talking about last nights SB In Philly the talk should be Embiid Harden amp the Sixers, 2
, Put Harden on all the guards from now on You ll never lose another game, 1
, 2k Harden vs Kelly Oubre, 2
, harden literally carried houston for years and woulda won you a championship if cp3 didnt go down How can u hate him i understand that how he left the rockets was bad but overall he was so good to you, 1
, I m not moved by Harden going to drop 5 pts on 1 17 shooting with 8 turnovers in the playoffs, 0
, harden has no agent so nobody is here to tell him that he no longer play for the nets so he need to change all of his social media platforms to philly 76ers, 2
, sl Plus you re likely not replacing Harden with Ben you re replacing Harden with Curry amp wing defender Du jour with Ben in a switch scheme Unless Nets stop switching the impact is relatively minimal tbh, 2
, Trade Harden because of Kyrie absence, 0
, James Harden Traded To The 227 s YouTube Chili Philadelphia Chili 76ers HereTheyCome Spicy Spicy NBA Mix Are The Sixers Now Favorites Out East, 2
, The presented by Destination Retirement live from Studio 2 14 When will Harden play SBLVI recap Guest Line social check in Morning Rush betting analytics from prop of the day, 2
, The presented by Destination Retirement live from Studio 2 14 When will Harden play SBLVI recap Guest Line social check in Morning Rush betting analytics from prop of the day, 2
, How you a rockets fan hating on harden but supporting durfraud all rockets fans hate kd, 2
, of 702 Prison Mike also that wasnt because Morey wanted to do it its because ownership and Harden forced him to lmao, 2
, Good Morning Guess what WE GOT HARDEN PLAYING EITH ARGUABLY THE BEST PLAYER IN THE NBA RIGHT NOW, 1
, everyone wants to be like giannis even harden, 2
, James Harden is the OBJ of the NBA, 1
, moyer95 Harden is a bargain basement rebounder compared to Russ Simmons is huge and an elite rebounder Harris is a non physical tweener Our guards are midgets with limited athleticism More moves required, 0
, We do because James Harden literally won the MVP in 2018 also yes we will have 2 MVP s after this season, 1
, Recapping the Super Bowl Any negatives to Harden being a Sixer Your first chance to get a place in Sixers knockout The John Kincade Show is LIVE on YouTube, 2
, TF Up Direct Yup because they already paid him when he first created the design, 2
, Harden s First Game as A Sixers Super Bowl Recap Farzy Show 2 14, 2
, 13 Or James Harden, 2
, Tak la Saja experiment nak tengok the chocolate would stay creamy or harden Somehow Rocher yang beli kat supermarkets like BIG Village Grocer etc macam rasa lain a bit than those bought from convenience stores, 2
, Anyway James Harden making his Sixers debut tomorrow night Selfishly I m glad he didn t play over the weekend while I was 9 hours ahead and probably wouldn t have been able to watch live, 2
, 5 Heard Kyrie and harden had a 1on1 on da low Kyrie cooked harden in practice, 0
, Pretty sure we just traded for James Harden So we have an MVP and an MVP contender, 1
, everyone is talking about how the Nets won the Harden trade I don t see it Yes we got Mayajama but the Sixers got Brenda LaTicia Linda Felicia Dawn Lashawn Inez Alicia Theresa Monica Sharon Nicky etc, 2
, Soft words soften the hearts that are harder than rock harsh words harden hearts that are softer than silk Imam Ghazali, 2
, NBA Rumors James Harden Pushed For Joel Embiid Trade During His Time With Rockets, 2
, 5 Well yeah when Harden does all that dribbling it normally results in a turnover not 2 points, 0
, Harden, 2
, So Harden too, 2
, Daily News However long the Harden Embiid era lasts it will be a phenomenon David Murphy, 2
, WPI inflation eases to 12 96 pc in Jan food prices harden, 2
, The Joel Embiid James Harden pairing should flourish initially for the Sixers but will that continue past the honeymoon stage via, 1
, And that s all you can do keep fighting the system is so messed up they use rubbish historical information as fact that s actually just an opinion I have such a hatred for the system it makes you bitter I will not let it harden me I will however try my hardest to change it, 2
, No matter what happens in life keep a good heart A heart of patience and trust Don t let the darkness of this world harden your heart CELEBRATE LOVE WITH TEJRAN TejRan, 2
, The Brooklyn nets I thought on paper was a team to beat in the East With Durant s injury Harden traded and Kyrie sticking to his stance it seems like they are going to have to catch fire when Durant returns Kyrie can t play at home games, 2
, Embiid when he is seeing Harden, 2
, Exactly and he not a top 30 player harden is, 0
, KYRIE DGAF He literally just said to reporters that he FEELS NO GUILT I PRAISE harden for leaving that nutjob, 2
, Nah that ALL STAR draft video is killing me why they do Harden like that, 0
, Coffee with Brodes Rams win Super Bowl 56 UFC 271 Joel Embiid amp James Harden Feb 14th 2022 interview about the NFL football for excited champion winner RamsNFL, 2
, I d believe it if 25 wasn t afraid of the rim Harden better btw, 0
, Make him stay a warden Don t harden him, 2
, Harden is not a playoff winning player Durant is not missing much in that regard His only hope is that the players coming back can do other things better than Harden play defense and rebound and add some scoring, 0
, A He makes the point count Everything is okay B He screws up and or gets blocked Probable chance he will deflate even harden than normal C You set the ball for someone else High probablity he will sulk, 2
, 5 Harden does this every play that s the problem, 0
, To compare Kobe and Shaq to Harden and Embiid is retarded Shaq was never in better shape than Kobe, 0
, I think somebody told James harden that strippers are cheaper than wives, 0
, Sin City Philadelphia welcomes James Harden with open arms and legs, 0
, lmao it s ashame because Simmons is the reason Curry and Drummond had to go Harden has nothing to do with it Had Simmons just suited up for the Sixers this doesn t happen He s a baby GL with that, 0
, Definitely possible Durant was consulted before the Nets made the Harden trade to Philly, 2
, Even though she specifically said she don t need it they continue to give Mary J hateration and holleration in this dancery Harden better btw, 2
, Oh lil baby with Meek They heading to Harden soon, 2
, It is a blessing a gift from God to be drawn to Jesus No one can come to me unless the Father who sent me draws him And I will raise him up on the last day As it is said Today if you hear his voice do not harden your hearts as in the rebellion Believe in Jesus, 2
, This will be such a funny take next year after Harden gets traded and both of them still have 0 rings, 0
, James Harden, 2
, Harden est gay, 0
, The BBC have announced the cast for Blue Lights a new show about rookie cops in Belfast Si n Brooke pictured John Lynch Martin McCann Valene Kane Katherine Devlin Jonathan Harden Nathan Braniff and Richard Dormer The show was created by Declan Lawn and Adam Patterson, 2
, resilience harden up you re making us uncomfortable, 2
, Fantastic article Three things I took from it You re definitely right about the mercurial personalities These guys can blow up at any minute The Nets play at Barclays not MSG Durant s friend is Irving not Harden I enjoy your columns sorry if I come off as a douche, 0
, Harden is not gonna age like LeBron so that 62m a year is gonna hurt whoever has to pay it But fcuk it get that money, 0
, However long the Harden Embiid era lasts it will be a phenomenon David Murphy, 1
, Could have been waiting for the ground to harden in order to move in his heavy support armament The winter ground makes for slow progress, 2
, I also want my favourite player James Harden to score more than 4 points against the kings, 1
, Lost ya fucking mind Harden is not better then kobe and idc what none of you mfs say, 0
, Didnt he average 19 free throw If it was harden yall would be saying that non stop, 2
, The real test is not whether you avoid this failure because you won t It s whether you let it harden or shame you into inaction or whether you learn from it whether you choose to persevere Happy BENLEXtines Day, 2
, sl I hear what you are saying but the idea that replacing Harden with Ben Simmons has minimal effect on defense seems flatly absurd to me, 0
, The Super Bowl was almost as lit as it s gonna be when James Harden plays his first game in Philly on Tuesday, 1
, WPI Inflation Eases to 12 96 in Jan Food Prices Harden, 2
, Harden ur a sixers player not a nets anymore, 0
, Let s advocate trueness for everything harden ourselves with diligence lay a successful foundation for tomorrow s exploitation, 2
, Hits rewound QUARTERFLASH HARDEN MY HEART, 2
, Wholesale price based inflation eased for the second consecutive month in January at 12 96 even though food prices hardened the government said, 2
, WPI inflation eases to 12 96 pc in Jan food prices harden, 2
, NBA Insider On On James Harden Reporting Timeline With The 76ers It s Something The League Should Look Into It Was Unfair To The Brooklyn Nets SmartNews, 2
, Kevin Durant Breaks Silence on James Harden Trade via KD says the Nets are in deep sh t after 10 game losing streak but 1 win could change things, 2
, Sometimes supplychain disruptions can t be prevented Things happen But with the right digital tools you can minimize problems and improve your agility and resilience Read the article to learn how to harden your operational resilience CPG, 2
, iso cheap Embiid harden Maxey and Carsen Edwards, 2
, When Harden dribbles like this it s a problem, 1
, This is why Harden has been through 4 teams in a few quick years His head is in the wrong place on amp off the court, 0
, of KNUST We re all not pleasant with this strike saga though but come to think of it do you think the NLC or MoH will harden their heart in the case of Doctors going on strike for such unreasonable period The MoE I must state categorically has no much regards for Education, 2
, Harden knows what he talking bout, 2
, 76 I can t wait til fat Harden shows you his game with this new foul rules, 0
, Boy y all act like andre iguodala don t exist which was a former starter all star This is a superteam regardless if they drafted them how OKC WAS a superteam with Russ and KD you can t try to add Harden nobody knew Harden was like that at that time, 0
, pain Then why does harden get hate He put up insane numbers in the reg season and is a better playoff performer than demar I like demar but he is arguably the GOAT playoff choker harden is just inconsistent, 1
, Brooklyn Nets HC Steve Nash Closes Door On James Harden Trade Rumor, 2
, love how everyone goes silent whenever demar chokes in the playoffs but plays well in the reg season But the second harden has a good reg season nobody cares cause he Chokes harden aint even a bad playoff performer just inconsistent, 0
, Bro your more obsessed With nets more than harden and the 76ers, 0
, Facts enjoy your life dude There s more than you putting the ball into the hoop and entertaining the population of the Earth But hey James Harden s a Sixer now, 1
, 5 It s because the dribbling harden does is always completely unnecessary For Kyrie dribbling through this defense is far less likely to result in a turnover than it is if he tried to pass out of it, 0
, I remember early this season making fun of Harden fans with Steph getting multiple 40pt games on 20ish shots and no free throws I miss that Steph, 0
, gangsta He s like Antonin but worse cuz he s a harden fan lol, 0
, Technical Foul on that Niggah Toxic 2 shots for Harden, 0
, 5 Harden doesn t take it anywhere just dribbles in between his legs at the same place till is 5secs on the clock then kicks it out, 0
, And mfs want to sit here and say harden is better then wade, 0
, I think it s time for a book called Meta Basketball The James Harden Story, 2
, Congrats OBJ James Harden you re next champion, 1
, My mum was raped twice amp killed beat over the head 5 times with a rock now that s rape Not being felt up a bit or going back to some blokes office you know amp not liking what he says or does Boo hoo harden up That is VILE amp EVIL, 2
, Bill Simmons says he has an incredible amount of intel on the Harden trade Intel that he claims will prove that it s not gonna work out for the Sixers So I guess he has more intel than Daryl Morey Ok, 2
, they have Harden he was mvp before no, 1
, Open SmartNews and read Marc Stein Reveals That There Were Times James Harden And Kevin Durant Were Hardly Communicating While Being Teammates On Nets here To read it on the web tap here, 2
, WPI inflation eases to 12 96 pc in Jan food prices harden, 2
, Idc if he got traded I still want a beard like James Harden, 1
, WPI inflation eases to 12 96 pc in Jan food prices harden, 2
, er for today Dear god Once again thank u for this brand day Its a day In u o lord god Yes Give us the mind to serve u lord god I that u lord god will come in our s amp let ur spirit be known Have ur way lord god Get in us lord god Give us piece lord god Yup, 2
, Like the D in Harden, 1
, NOVEDAD Camiseta james harden sixers 4 colores disponibles Tallas s xxl, 2
, Token Awesome project gf, 2
, James Harden should be ranked 60 overall in 2k, 0
, We are holding two webinars on Feb 15th and 16th partnered with Synax Technologies NSFOCUS experts will be present How to harden your network and application shield amp Live DDoS attack Mitigation by sharing our advanced hybrid anti DDoS solution Sign up to Sales com, 2
, If you re playing an elf keep him as a Warden and make Anora queen Other option is to harden him make him king and be his mistress In neither case should you make him marry Anora, 2
, The eastern edge of Kelbrook Moor Kelbrook Wood next to Harden Clough at Hawes farm, 2
, TF Up Direct They don t have to pay him, 2
, WPI inflation has remained in double digits for the tenth consecutive month beginning April 2021 WPIInflation WPIData FoodInflation, 2
, Good to all of my follower s fan s May god Continue to bless america whole wide world Amen put on a whole armor of god Everybody Pick the cross amp follow god People with god Folks Have ur way lord Yes lord to u, 2
, 76 You forgot a couple words Harden is a better Beard grower Left hand shooter Eater Surely you weren t comparing the overall basketball ability or impact of a 32 year old on his fourth team to prime Kobe one of the most cutthroat competitors of all time, 0
, In conclusion I harden the soulful strayer, 2
, I ve actually done a lot of introspection to change it amp be very selfish selective about who i help but every now amp then i catch myself overdoing it amp overextending myself I m not ruthless enough I need to harden TF up, 2
, They were clearly good enough KD obviously had a chokejob when it came to closing GSW out And it s not like Harden left them for a secured championship it was understandable KD and Harden reportedly not communicating Kyrie barely being available I mean cmon, 0
, Uh Folk s I just had a very nice breakfast Had pancakes boil eggs cereal amp grill cheese Mm Good pop tarts To juice Yes O Getting my day started by talking to god First in er Amen on that go with god People Yes lord have ur way, 2
, Harden is so underrated for his assists honestly Always has been His only weakness is his defense and tbh that s not even as bad as it s made out to be Also his TO s are a little on the up side but that happens when you have so many assists, 1
, James Harden started acting up after Nets allowed Kyrie Irving to come back Harden Ben Simmons Trade and how Ben can play a Draymond Green role in Brooklyn, 1
, COMING SOON Our takes on the craziness that was the NBATradeDeadline Weirdly James Harden still hasn t changed his twitter bio but maybe he quit on that too NBA NBA75, 2
, 5 W since I watch basketball I have never seen such a dominant player as rockets harden it was just different, 1
, Welcome to politics now take a teaspoon of cement and harden up, 2
, Kd tried his best to win but the team isn t good enough He left in the off season like a professional This the 2nd time harden requested a trade He couldn t give it his all then leave in FA What harden did was worse, 0
, NBA Insider Has Telling Comment On Kevin Durant James Harden Relationship, 2
, The Downfall Of 227 s YouTube Chili Philadelphia Chili 76ers HereTheyCome Spicy Spicy NBA Mix G James Harden, 2
, Folk s I just gave my s some clean fresh Water amp milk I fed my s amp their friends more to eat After i cleaned out their bowls Also i cleaned out their litter boxes Too s are people too s are ed too s have feelings too Their friends that Huh Uh O, 2
, Except KD left his brothers WITHOUT notice to get a guaranteed championship with the team beat them While Harden was tired of trying to make it work with a team compiled of part time players and little communication, 0
, EXACTLY If they were totally cool with you hearing Charles Xavier Professor X in the trailer and you think that s a massive spoiler imagine what s coming they desperately don t want you knowing about DoctorStrange MultiverseOfMadness, 2
, Omg you really don t know shit about basketball LeBron Franchise player left KD Franchise player left Harden Franchise player force his way out Hell KOBE BRYANT Franchise player wanted OUT before they traded for pau BEAL FRANCHISE IS FORCING HIS WAY OUT go learn sum, 0
, James fucking Harden, 1
, James Harden and Ben Simmons traded Now 76ers have Harden and Nets have Simmons trade 76ers Nets, 2
, Harden my Heart from Quarterflash I really loved that group and they never went past 2 albums, 2
, 2 players you don t trade for if you want to win 1 James Harden 2 Russel Westbrook, 0
, Ok People I the store amp store s on getting me some stuff at them places Yes On that stuff Chilling to my show s Everybody This coming summer i m with all s amp s all summer long Kenneth Harden social media network take over world I m all over, 2
, harden would ve gotten a turnover already, 0
, WPI inflation eases to 12 96 pc in Jan food prices harden, 2
, Feel like Harden with this baby Glock, 2
, 5 Harden could never do that lmao, 0
, Embiid carries Philadelphia over OKC while Harden sidelined, 0
, Harden My Heart Quarterflash Remastered, 2
, Playing Harden and James 4 On our radiostation tunein now, 2
, is ND In my humble experience your answers are the ones that need the most focus there s no right wrong Your perspective is the one that needs the attention May be diff for you but my ex partner qn r said snap out of it harden up no more self indulgence Good luck, 2
, Hey Folk s One of my s is keeping me company now As i on it Yes my s to much Pretty will be my own boss From Working for me s on that Yesterday i did more grocery shopping again Buying clothes amp s Letting go amp let god Amen Follow god, 2
, Harden better adjust HIS game to fit Embiids game not the other way around Do that win a title Start bitchin n moaning Lose you last old ass chance at being a champion You do it in Philly or you are done So do it RIGHT, 0
, Harden is now with a VOCAL LEADER who s going to tell him about his self in embid, 2
, Harden Bombony J Moods Sceno Yeke Brawler, 2
, WPI inflation eases to 12 96 in January food prices harden, 2
, Corteen Why Why am I such a proud Qlder yet so ashamed at the same time and wished I lived in Victoria with my kindred spirits The weather Bloody hell I need to harden up about the cold, 2
, conservatives whine about folks needing to harden up while crying over a photo of a chick with a bong LOL Pathetic auspol GraceTame, 2
, Uh Folk s Thank god That this is the last month of the cold weather Amen Its gone warm up next month In other states its summer all year round Other climates that s warm all year round different down their then it is up here in michigan will be at them warm spots, 2
, The super bowl win is cool and all but like James Harden is a starting Philadelphia 76er on Tuesday that s about to be craaaazy, 1
, Should ve trade ben with kyrie instead of harden He s getting old Not an all star material anymore, 0
, Harden will retire ringless, 0
, But he s talking about hardening Pharaoh then says he has mercy on whom he wills and harden whom he wills Then he goes on to explain how he endures patience on vessels of wrath prepared for destruction in order to show his glory in vessels of mercy This is about all people, 2
, Maybe Dallas should be glad they have someone like Luka who does the best he can and doesn t bitch about his teammates rather than a James Harden who poisons teams repeatedly with his whining and demands before bailing on them, 0
, Now that I ve manifested harden, 1
, Odell Beckham Jr Deserved his Super Bowl ring earned it by tearing a page right out of the James Harden Playbook 76 s have to be Champs NBA after this licata 76ers SuperBowlLVI, 1
, pharaoh and FG I no know who harden pass Assu, 2
, guess harden doesn t exist, 1
, I m glad KDs foot was half a size to big Harden would have gotten carried to an undeserved ring Now the only one he will ever get is the participation one for being on the Nets roster this year when they win without him, 0
, Prime DWade over Harden all day, 0
, You have really eccetric taste Not that I m suprised or something At least you can form chocolate into shapes but this honestly isn t it Look let s form another shape Reimu took a bit of harden leftovers of chocolate Carefully and gently formed a shape of a heart, 2
, James Harden plays for the Sixers now I m good, 1
, Because they re very toxic They said Harden was the problem and he washed finished player trade him we don t want him And then what 11 straight loses, 0
, James harden come on buddy you don t know that to be a fact The best halftime show ever was in Miami during the monsoon rainstorm and Prince was performing with the twins in nine inch stilettos while walking on slick marble, 2
, team with blake griffin Anthony davis james harden tyson chandler Mr crabs and Anthony davis, 2
, It s cp3 for me That suns team is the watered down version of our contending team To me they are likable Philly has harden and morey while they were the two biggest figures in rockets basketball they wronged us Philly opposes the nets but they don t need to win it all, 1
, without kd or harden, 2
, People age faster when their hearts harden than when their arteries harden, 2
, The real test is not whether you avoid this failure because you won t It s whether you let it harden or shame you into inaction or whether you learn from it whether you choose to persevere Barack Obama CELEBRATE LOVE WITH TEJRAN, 2
, Harden have nothing to do with that, 2
, As a harden fan the most annoying thing is when people say he s lazy but former teammates say he s one of the hardest workers smhh, 1
, NowPlaying Quarterflash Harden My Heart Crank it up, 2
, A simple Harden up Princess should bring her to her senses, 2
, Watching cool movie Mad Max Furry Road Tom Harden and Charlize Theron are in the movie, 2
, Breaking The Nets plan to sign James Harden league sources tell ESPN, 2
, Harden is Walmart Jordan Poole Not even worthy of a Curry comparison, 0
, Still need to get your Valentine s Flowers Flowers at Woodbank are here bursting with romantic flowers gifts and cards Call us on 01274 562971 or visit us in store Woodbank Nurseries Harden Bingley, 2
, And ppl take harden over wade, 0
, 50 The real test is not whether you avoid this failure because you won t It s whether you let it harden or shame you into inaction or whether you learn from it whether you choose to persevere Barack Obama CELEBRATE LOVE WITH TEJRAN, 2
, Love is just a transaction we re all hardwired to desire we present the correct set of desirable traits and boom We can turn it onn and we can turn it off Harden After, 2
, WPI inflation eases to 12 96 pc in Jan food prices harden Inflation RBI WPI FoodPrices ReserveBank Food, 2
, Yes I colored white chocolate and drew the pattern with the red first let it harden then added the blue Really easy But I made the red curl in the wrong direction, 2
, WPI inflation eases to 12 96 per cent in Jan food prices harden, 2
, 76 Harden is better than kobe offensively He is just as good as a scorer and way better playmaker Yes kobe was better defensively obviously, 1
, shave the beard what will be his nickname No beard harden, 2
, Harden at the strip clubs, 1
, WPI inflation has remained in double digits for the tenth consecutive month beginning April 2021 WPIInflation WPIData FoodInflation, 2
, Like James harden, 1
, 5 Idk if you re blind or not but Harden with his ugly dribbling where he can barely run amp his turnovers r the problem He waits till the clock runs out amp passes it to someone else so he doesn t get blamed Irving here tho he finished it like he always does, 0
, Process Could you imagine having Joel Embiid James Harden and Jimmy Butler on the same team, 1
, No matter what happens in life keep a good heart A heart of patience and trust Don t let the darkness of this world harden your heart CELEBRATE LOVE WITH TEJRAN TejRan TejRanFam, 2
, Number of Kyrie 1 Harden 0, 0
, 76 and then he said Harden and Embiid were better than us, 0
, Embiid inherits the harden curse, 0
, Inflation in food articles however spiked to a 10 33 in January 2022 from 9 56 in December 2021, 2
, WPI inflation eases to 12 96 pc in Jan food prices harden, 2
, NBA Trade Deadline recap Favorite deal Harden to 76ers Shocking deal Kings trading Haliburton Meaningless deal Porzingas to Wizards Who won the deadline Indiana Pacers Who lost the deadline Adrian Wojnarowksi Deal that should have happened Westbrook for Wall, 2
, People really been out here saying Harden is better than this man but Harden has never done this is any playoff series ever let alone in the Finals to win a championship lol these people are goofy, 0
, Vegetable price rise rate jumped to 38 45 per cent against 31 56 per cent in the previous month, 2
, nigga asking the women do they want James harden, 0
, WPI inflation eases to 12 96 pc in Jan food prices harden, 2
, So Please stop the James Harden comparisons, 2
, We got James Harden and Joel Embiid Lmao What a time, 1
, WPI inflation eases to 12 96 pc in Jan food prices harden, 2
, 13 on me like I was harden, 1
, I feel like this is a dream world Where James Harden is a 76er lolz We have James Harden one of the most prolific scorers of the basketball in NBA history A top15 or 20 player All time, 1
, Embiid is great but saying he s better than Kobe is a stretch Same with Harden, 0
, WPI inflation eases to 12 96 in January food prices harden, 2
, The hopefully get Wilson for next year The have Harper The have Embiid and Harden The have ummm Gritty, 1
, Lmao fuck business I wasn t hoping LeBron went and got a ring when he left We re you hoping harden got his ring Lol, 2
, ibaka was important to our team at the time but when the harden trade happened in october 2012 i was pissed asf like literally i just knew he was gonna blossom, 2
, As a leader and person who brings everyone together there are also times where I have to harden my heart as well Eiji Wake up Eiji If you end up sleeping too I ll have to handle this week s show by myself, 2
, Keeping up with an expanding attack surface is a challenge Learn how workflows and automation can help you harden your attack surface and keep your organization safe in this new ebook from ServiceNow, 2
, these harden sixers edits look so natural it s crazy like some of them really look like actual in game photos not to mention it be making me feel like he s already been a sixer he just fits their Jerseys so well, 1
, Then they traded Harden lmao, 1
, team with Mario jerry lucas Russell westbrook jason Voorhes and james harden tyson chandler, 0
, man seeing KD Harden Russ make it to the finals 2012 i just thought for sure this franchise was bound for a championship even after we lost, 0
, WPI inflation eases to 12 96 pc in Jan food prices harden Inflation, 2
, Harden ain t doing shit, 0
, Doc Rivers is still the coach and Morey has never won a title Let s see if Harden doesn t choke again, 0
, Hating players who did your team dirty ain t weird You gonna celebrate if Harden gets that ring in Philly Lol, 1
, 5 People hate harden for being a foul merchant and a bitch, 0
, business Harden did this No doubt, 2
, OH YEA DONT FORGET THIS friggin S1 james harden NBD, 2
, James harden and I also want my favorite player steph curry to win a real ring, 1
, RJ harden wipes that plumber, 1
, u literally claim to be with james harden when ur not, 2
, I ve been watching Harden highlights nonstop since the trade, 1
, James Harden can t breathe on Big Mo stop the slander, 0
, Harden, 2
, Stephen A Smith My dear friend and salsa partner James Harden has been disrespected once again by being snubbed from the Primetime Emmys The audacity, 0
, Feel you but Embiid is still gonna be the man on offense harden ain t taking away his shots Harden will be the primary play maker 12 assist type shit and Embiid still the one scoring 40, 2
, James harden fuck around and be in fez Lmaoo, 0
, The Brooklyn Nets are trading James Harden to the Philadelphia 76ers for Ben Simmons Seth Curry Andre Drummond and two first round picks sources tell ESPN, 2
, this is more harden slander than embiid tbh, 0
, Harden fans make it hard to support harden, 0
, how many fts are embiid and harden going to average together, 2
, Wordle 240 4 6 Sharpen our metal Harden our resolve wordle240, 2
, Lol yah be saying harden better than he, 2
, No breakup would be nice no matter what way they use Btw Ky betrayed the team co owner talked about his contributions to the community in TV instead No words on this for Harden Just different standards Move on don t make judgment at this stage too emotional, 2
, NBA Rumors James Harden Pushed For Joel Embiid Trade During His Time With Rockets NBA News, 2
, Harden hate, 0
, reborn Yea there s so much more talent in this era than before if he was in this era he d be looked at as just a shooter when people these days are so much better like harden Harden is good at shooting playmaking driving finishing ball handling This era s way more skillful, 1
, WPI inflation eases to 12 96 pc in Jan food prices harden TradebrainsNews News Business, 2
, James harden, 2
, Harden in this situation is a turnover, 0
, It s crazy how the media has been way harsher on him than Kyrie or Ben Harden s teammate quit on the season They were supposed to be contenders and once KD went down it was Harden and low level role players It just wasn t what he signed up for, 1
, James harden raising the Larry O Brien with Embiid in June, 0
, James Harden after games in Philly, 2
, Harden on the other hand adapted to the Nets To be honest I was down on him when he got traded to Brooklyn I thought he d only want to keep playing iso ball But he proved everyone wrong and became way more of a playmaker He doesn t want to carry teams by himself anymore, 1
, Brooklyn Nets Nba Kit For Harden Phone WhatsApp 08039562419 Telegram Pls Send DM nationwide delivery, 0
, KD Harden doesn t owe explanation on Nets exit, 1
, philly wit harden goes crazy in 2k rn, 2
, dame 3 0 2 Bro he had no reason to win MVP it was a narrative driven MVP being the 6 seed Harden got snubbed having a better record and being the better player, 1
, flibbs13 You re a rockets fan you don t belong here Irrelevant since Harden and Morey abandoned you LMAO go tell Silas to step down aswell probably the worst coach in the league, 0
, Harden carried both of them in game 7 if he doesn t do that we don t even talk about game 6 and its ancient history because harden overcame all the adversity u try to downplay what he did in game 7 with game 6 He carried that team all regular season and all post season, 1
, 13 They blew it up too early Harden was already showing promises his advanced stats were through the roof Westbrook and KD were already multi time all stars, 1
, Sanctions will only harden Russia s resolve Russia s ambassador already said they don t give a shit verbatim The logical solution to this whole mess would simply be for there to be a rollback to the 1997 status quo which was agreed upon by all parties east and west, 2
, Bulls were apparently the favourite team and Harden the favourite player for BGN That has changed since the trade, 2
, You hate lebron but got James harden as ya avi Lmaoooo, 2
, this post doesnt relate to james harden, 2
, No way Harden is better than this man, 1
, rlly said future hofer i don t even need to talk about harden in the playoffs because he been there too many times and can t do shit, 0
, hermosaxo Meet anton harden, 2
, Dwight wouldn t have even been there if it wasn t for harden and talk about game 7 where harden completely carried Dwight with 31 amp 8 amp 7 And like I said Dwight only played 41 games that year with Dwight as the best player on the team the Rockets would ve lost in the 1st RD, 1
, James Harden is the Kanye West of the NBA and I don t mean that as a compliment, 0
, You can think highly of a player without downplaying his teammates Howard wouldn tve been in the second round without Harden Both wouldn tve been there without Corey Brewer, 1
, 5 Idk man as a Boston fan its hard for me to put in any stock into sixers just because we beat them all the time in the playoffs But if Embiid and Harden can click they can be fucking scary, 1
, 5 Harden broke it up Baby ass, 2
, You talk like harden is one small boy or something Like this guy is not a one time MVP I understand Sha you guys only cried super team because Curry was benefitting from it, 0
, 76 As a Sixers fan I feel this one should have come more natura to you I blame Harden, 0
, Like I said Harden played great in 2015 Not taking anything away from that However I wouldn t consider his 5 20 shooting in game 6 against the clippers as Harden carried Dwight He was the only Rockets starter with a negative B it was like 20, 1
, White harden fr, 0
, Idk about Harden, 0
, 5 im sorry but kyrie actually goes somewhere with the ball harden either dribbles in one place, 0
, did Daryl Morey propose to Harden, 2
, Capela has played with Harden good Westbrook and CP3 and still couldn t produce like Ayton can Buddy was the most overrated big man in the league when he was on the Rockets, 2
, I just don t see this Philadelphia 76ers situation with Harden ending well Remember I called it, 0
, Good luck to yall bro losing him was the best part about the harden trade, 0
, it would probably harden inside of you, 2
, Okogie idea of a super team is harden joining you if only that is how it works, 2
, Reason the Nets traded Harden away is that Durant does not know how to win without a Curry on his team youknowimright, 2
, James Harden was like thanks for coming for me daddy Darryl morey was like back up off me fam you too close, 0
, U sound crazy Harden had 40 amp 10 last playoffs and a 20pts 20 ast game and a 30pt triple double stop the cap hes been playing great in the playoffs for YEARS now and he was playing great last year before he got hurt The nets amp the bucks have nobody 2 guard Harden OR Embiid, 1
, 50 The real test is not whether you avoid this failure because you won t It s whether you let it harden or shame you into inaction or whether you learn from it whether you choose to persevere Barack Obama CELEBRATE LOVE WITH TEJRAN, 2
, NBA Rumors James Harden Pushed For Joel Embiid Trade During His Time With Rockets, 2
, Well thats the credits roll for pokemon legends who knew Volo was actually 3 Giovanni s in a trench coat Or that the space time rift was actually just caused by a Metapod and a Kakuna having an epic harden battle on top of the mountain, 2
, I haven t lost with James Harden Embid Harris Green Tybulle Maxey yet, 1
, Global bird flu epidemic in over 20 countries including the United States U S poultry producers harden safety measures as bird flu spreads, 0
, 5 why do you have more likes than harden, 2
, Somebody has to say it James Harden is guaranteed to win finals MVP in the 2022 23 season averaging 24 5 12 and 1 9 blocks Change my mind Whats your take StriveForGreatness, 1
, 13 Westbrook nor Harden were in their prime If they all stuck together to reach their prime they would ve been a superteam, 1
, With harden by his side send the choker jokes to the sun, 1
, NBA Insider On On James Harden Reporting Timeline With The 76ers It s Something The League Should Look Into It Was NBA News, 2
, TALK ABOUT game 7 against the clippers in 2015 when harden had 31 amp 8 amp 7 with 3 steals and carried the Rockets pass the clippers Dwight wouldn t never got pass the 1st round without harden u sound crazy And Dwight played 41 games in 2015 and harden was the leader, 1
, What did James Harden do to Kevin Durant ALLSTARWEEKEND, 2
, Lewis Y all got me all confused Had that white man said that was Tpain or James Harden I would have just nodded along, 2
, OKC drafted KD Westbrook and Harden I don t see anyone calling them a superteam Klay was drafted 11 Dray 35 It s not their fault that they developed well and became champions, 1
, Yo the NBA pod running with this anti vaxxer guest Should ve known dude was going to be that guy as they talked about the Harden situation like Kyrie wasn t the problem Yep unsubscribe time, 1
, Rodgers is essentially the James Harden of the NFL at this point Putting up great numbers for the sake of great numbers He s had 11 chances to make it back to the Super Bowl and has failed each time that includes 2 eliminations to fucking sucks Garoppolo, 0
, James Harden coming to Philly, 2
, team with james harden tyson chandler larry bird jerry west James Harden and patrick, 1
, I thought James Harden wanted to remain a Brooklyn Net that s what Steve Nash kept saying, 2
, Harden, 2
, so like does his right peck harden or smth, 2
, A friend of mine approached me today as asked dude what you think about James Harden Immediately I said well the guy gets his nose into everything but it s always for the right reasons My pal said dude he s just bouncing from one team to the next Me, 0
, And y all really saying James Harden better, 0
, It s also possible they got hit with a ddos the moment the ad went up It s a good time to audit what else happened Sometimes the answer isn t that simple It s very common to use that as a distraction I do know they are working with some great HackerOne engineers to harden, 2
, I m so eager for honeybun harden to play man, 1
, Lebron shouldve said sure il give james harden for him just to see his reaction, 0